Workbook

Sheet WFE
A1: 46322 | B1: e5hex1 WFE budget | C1: Initial Alignment | G1: Metrology Control | K1: Total WFE | M1: white cells = inputs you edit; gray cells = formulas (computed)
B2: Degree of Freedom | C2: Inputs | E2: RMS WFE (nm) | G2: Drift Inputs | I2: RMS WFE (nm) | K2: Post Metrology
C3: Values | D3: Units | E3: Pre WFC | F3: Post WFC | G3: Values | H3: Units | I3: Pre-metrology | J3: Post-metrology | K3: RMS WFE (nm)
A4: Primary Mirror | B4: PM Seg Tilt | C4: 50 | D4: nrad | E4: =C4*Coefficients!D4 | F4: =C4*Coefficients!E4 | G4: 0 | I4: =G4*Coefficients!G4 | J4: =G4*Coefficients!H4 | K4: =SQRT(SUMSQ(F4,J4))
B5: PM Seg Clocking | C5: 100 | D5: nrad | E5: =C5*Coefficients!D5 | F5: =C5*Coefficients!E5 | G5: 0 | I5: =G5*Coefficients!G5 | J5: =G5*Coefficients!H5 | K5: =SQRT(SUMSQ(F5,J5))
B6: PM Seg Decenter | C6: 100 | D6: nm | E6: =C6*Coefficients!D6 | F6: =C6*Coefficients!E6 | G6: 0 | I6: =G6*Coefficients!G6 | J6: =G6*Coefficients!H6 | K6: =SQRT(SUMSQ(F6,J6))
B7: PM Seg Piston | C7: 115.47005 | D7: nm | E7: =C7*Coefficients!D7 | F7: =C7*Coefficients!E7 | G7: 0 | I7: =G7*Coefficients!G7 | J7: =G7*Coefficients!H7 | K7: =SQRT(SUMSQ(F7,J7))
A8: Secondary Mirror | B8: SM Tilt | C8: 50 | D8: nrad | E8: =C8*Coefficients!D8 | F8: =C8*Coefficients!E8 | G8: 0 | I8: =G8*Coefficients!G8 | J8: =G8*Coefficients!H8 | K8: =SQRT(SUMSQ(F8,J8))
B9: SM Clocking | C9: 100 | D9: nrad | E9: =C9*Coefficients!D9 | F9: =C9*Coefficients!E9 | G9: 0 | I9: =G9*Coefficients!G9 | J9: =G9*Coefficients!H9 | K9: =SQRT(SUMSQ(F9,J9))
B10: SM Decenter | C10: 100 | D10: nm | E10: =C10*Coefficients!D10 | F10: =C10*Coefficients!E10 | G10: 0 | I10: =G10*Coefficients!G10 | J10: =G10*Coefficients!H10 | K10: =SQRT(SUMSQ(F10,J10))
B11: SM Despace | C11: 115.47005 | D11: nm | E11: =C11*Coefficients!D11 | F11: =C11*Coefficients!E11 | G11: 0 | I11: =G11*Coefficients!G11 | J11: =G11*Coefficients!H11 | K11: =SQRT(SUMSQ(F11,J11))
A12: Lens | B12: Lens Tilt | C12: 50 | D12: nrad | E12: =C12*Coefficients!D12 | F12: =C12*Coefficients!E12 | G12: 0 | I12: =G12*Coefficients!G12 | J12: =G12*Coefficients!H12 | K12: =SQRT(SUMSQ(F12,J12))
B13: Lens Clocking | C13: 100 | D13: nrad | E13: =C13*Coefficients!D13 | F13: =C13*Coefficients!E13 | G13: 0 | I13: =G13*Coefficients!G13 | J13: =G13*Coefficients!H13 | K13: =SQRT(SUMSQ(F13,J13))
B14: Lens Decenter | C14: 100 | D14: nm | E14: =C14*Coefficients!D14 | F14: =C14*Coefficients!E14 | G14: 0 | I14: =G14*Coefficients!G14 | J14: =G14*Coefficients!H14 | K14: =SQRT(SUMSQ(F14,J14))
B15: Lens Despace | C15: 115.47005 | D15: nm | E15: =C15*Coefficients!D15 | F15: =C15*Coefficients!E15 | G15: 0 | I15: =G15*Coefficients!G15 | J15: =G15*Coefficients!H15 | K15: =SQRT(SUMSQ(F15,J15))
A16: Detector | B16: FPA Tilt | C16: 50 | D16: nrad | E16: =C16*Coefficients!D16 | F16: =C16*Coefficients!E16 | G16: 0 | I16: =G16*Coefficients!G16 | J16: =G16*Coefficients!H16 | K16: =SQRT(SUMSQ(F16,J16))
B17: FPA Clocking | C17: 100 | D17: nrad | E17: =C17*Coefficients!D17 | F17: =C17*Coefficients!E17 | G17: 0 | I17: =G17*Coefficients!G17 | J17: =G17*Coefficients!H17 | K17: =SQRT(SUMSQ(F17,J17))
B18: FPA Decenter | C18: 100 | D18: nm | E18: =C18*Coefficients!D18 | F18: =C18*Coefficients!E18 | G18: 0 | I18: =G18*Coefficients!G18 | J18: =G18*Coefficients!H18 | K18: =SQRT(SUMSQ(F18,J18))
B19: FPA Despace | C19: 115.47005 | D19: nm | E19: =C19*Coefficients!D19 | F19: =C19*Coefficients!E19 | G19: 0 | I19: =G19*Coefficients!G19 | J19: =G19*Coefficients!H19 | K19: =SQRT(SUMSQ(F19,J19))
A20: WFC | B20: WFS Sensing Error | C20: 3 | D20: nm | E20: =C20*Coefficients!D20 | F20: =C20*Coefficients!E20 | G20: 0 | I20: =G20*Coefficients!G20 | J20: =G20*Coefficients!H20 | K20: =SQRT(SUMSQ(F20,J20))
B21: PM Seg Tilt Actuator | C21: 0.66193024 | D21: nrad | E21: =C21*Coefficients!D21 | F21: =C21*Coefficients!E21 | G21: 0 | I21: =G21*Coefficients!G21 | J21: =G21*Coefficients!H21 | K21: =SQRT(SUMSQ(F21,J21))
B22: PM Seg Clocking Actuator | C22: 0.66193024 | D22: nrad | E22: =C22*Coefficients!D22 | F22: =C22*Coefficients!E22 | G22: 0 | I22: =G22*Coefficients!G22 | J22: =G22*Coefficients!H22 | K22: =SQRT(SUMSQ(F22,J22))
B23: PM Seg Decenter Actuator | C23: 1 | D23: nm | E23: =C23*Coefficients!D23 | F23: =C23*Coefficients!E23 | G23: 0 | I23: =G23*Coefficients!G23 | J23: =G23*Coefficients!H23 | K23: =SQRT(SUMSQ(F23,J23))
B24: PM Seg Piston Actuator | C24: 1 | D24: nm | E24: =C24*Coefficients!D24 | F24: =C24*Coefficients!E24 | G24: 0 | I24: =G24*Coefficients!G24 | J24: =G24*Coefficients!H24 | K24: =SQRT(SUMSQ(F24,J24))
B25: SM Tilt Actuator | C25: 1.6260163 | D25: nrad | E25: =C25*Coefficients!D25 | F25: =C25*Coefficients!E25 | G25: 0 | I25: =G25*Coefficients!G25 | J25: =G25*Coefficients!H25 | K25: =SQRT(SUMSQ(F25,J25))
B26: SM Clocking Actuator | C26: 1.6260163 | D26: nrad | E26: =C26*Coefficients!D26 | F26: =C26*Coefficients!E26 | G26: 0 | I26: =G26*Coefficients!G26 | J26: =G26*Coefficients!H26 | K26: =SQRT(SUMSQ(F26,J26))
B27: SM Decenter Actuator | C27: 1 | D27: nm | E27: =C27*Coefficients!D27 | F27: =C27*Coefficients!E27 | G27: 0 | I27: =G27*Coefficients!G27 | J27: =G27*Coefficients!H27 | K27: =SQRT(SUMSQ(F27,J27))
B28: SM Despace Actuator | C28: 1 | D28: nm | E28: =C28*Coefficients!D28 | F28: =C28*Coefficients!E28 | G28: 0 | I28: =G28*Coefficients!G28 | J28: =G28*Coefficients!H28 | K28: =SQRT(SUMSQ(F28,J28))
A30: WFE Summary | B30: Primary Mirror WFE | E30: =SQRT(SUMSQ(E4:E7)) | F30: =SQRT(SUMSQ(F4:F7)) | I30: =SQRT(SUMSQ(I4:I7)) | J30: =SQRT(SUMSQ(J4:J7)) | K30: =SQRT(SUMSQ(K4:K7))
B31: Secondary Mirror WFE | E31: =SQRT(SUMSQ(E8:E11)) | F31: =SQRT(SUMSQ(F8:F11)) | I31: =SQRT(SUMSQ(I8:I11)) | J31: =SQRT(SUMSQ(J8:J11)) | K31: =SQRT(SUMSQ(K8:K11))
B32: Lens WFE | E32: =SQRT(SUMSQ(E12:E15)) | F32: =SQRT(SUMSQ(F12:F15)) | I32: =SQRT(SUMSQ(I12:I15)) | J32: =SQRT(SUMSQ(J12:J15)) | K32: =SQRT(SUMSQ(K12:K15))
B33: Detector WFE | E33: =SQRT(SUMSQ(E16:E19)) | F33: =SQRT(SUMSQ(F16:F19)) | I33: =SQRT(SUMSQ(I16:I19)) | J33: =SQRT(SUMSQ(J16:J19)) | K33: =SQRT(SUMSQ(K16:K19))
B34: WFC WFE | E34: =SQRT(SUMSQ(E20:E28)) | F34: =SQRT(SUMSQ(F20:F28)) | I34: =SQRT(SUMSQ(I20:I28)) | J34: =SQRT(SUMSQ(J20:J28)) | K34: =SQRT(SUMSQ(K20:K28))
B35: Everything Else | E35: =SQRT(SUMSQ(E8:E28)) | F35: =SQRT(SUMSQ(F8:F28)) | I35: =SQRT(SUMSQ(I8:I28)) | J35: =SQRT(SUMSQ(J8:J28)) | K35: =SQRT(SUMSQ(K8:K28))
B36: TOTAL | E36: =SQRT(SUMSQ(E4:E28)) | F36: =SQRT(SUMSQ(F4:F28)) | I36: =SQRT(SUMSQ(I4:I28)) | J36: =SQRT(SUMSQ(J4:J28)) | K36: =SQRT(SUMSQ(K4:K28))
B37: Design WFE | C37: 0 | D37: nm | F37: =C37 | K37: =SQRT(SUMSQ(F37,J37))
B38: Payload WFE | K38: =SQRT(SUMSQ(K36,K37))
B39: WFE Requirement | D39: nm | K39: =C39
B40: WFE Margin | K40: =IF(K39>0,1-(K38/K39),"")

Sheet Coefficients
B1: Coefficients (nm RMS WFE per unit input) | J1: iSeq = 1 (WFC) | O1: iSeq = 2 (metrology) | T1: Monte-Carlo check (nm)
B3: Degree of Freedom | C3: Units | D3: Pre WFC | E3: Post WFC | F3: Units | G3: Pre-MET | H3: Post-MET | J3: key | K3: pre | L3: key | M3: post | O3: key | P3: pre | Q3: key | R3: post | T3: post-WFC | U3: post-MET
B4: PM Seg Tilt | C4: nrad | D4: =K4 | E4: =M4 | G4: =P4 | H4: =R4 | J4: PM_Seg_Tilt0 | K4: 1.9358027 | L4: PM_Seg_Tiltf | M4: 1.091951e-11 | O4: PM_Seg_Tilt0 | P4: 1.9358027 | Q4: PM_Seg_Tiltf | R4: 1.9358027 | T4: 5.222655e-09
B5: PM Seg Clocking | C5: nrad | D5: =K5 | E5: =M5 | G5: =P5 | H5: =R5 | J5: PM_Seg_Clocking0 | K5: 0.00078806519 | L5: PM_Seg_Clockingf | M5: 4.4672704e-15 | O5: PM_Seg_Clocking0 | P5: 0.00078806519 | Q5: PM_Seg_Clockingf | R5: 0.00078806519 | T5: 3.8324977e-12
B6: PM Seg Decenter | C6: nm | D6: =K6 | E6: =M6 | G6: =P6 | H6: =R6 | J6: PM_Seg_Decenter0 | K6: 0.037472411 | L6: PM_Seg_Decenterf | M6: 2.3336472e-13 | O6: PM_Seg_Decenter0 | P6: 0.037472411 | Q6: PM_Seg_Decenterf | R6: 0.037472411 | T6: 2.0671906e-10
B7: PM Seg Piston | C7: nm | D7: =K7 | E7: =M7 | G7: =P7 | H7: =R7 | J7: PM_Seg_Piston0 | K7: 1.8342458 | L7: PM_Seg_Pistonf | M7: 1.8366762e-11 | O7: PM_Seg_Piston0 | P7: 1.8342458 | Q7: PM_Seg_Pistonf | R7: 1.8342458 | T7: 1.871327e-08
B8: SM Tilt | C8: nrad | D8: =K8 | E8: =M8 | G8: =P8 | H8: =R8 | J8: SM_Tilt0 | K8: 0.7692461 | L8: SM_Tiltf | M8: 1.5246456e-11 | O8: SM_Tilt0 | P8: 0.7692461 | Q8: SM_Tiltf | R8: 0.7692461 | T8: 4.095977e-09
B9: SM Clocking | C9: nrad | D9: =K9 | E9: =M9 | G9: =P9 | H9: =R9 | J9: SM_Clocking0 | K9: 0.00067921722 | L9: SM_Clockingf | M9: 8.3523364e-15 | O9: SM_Clocking0 | P9: 0.00067921722 | Q9: SM_Clockingf | R9: 0.00067921722 | T9: 9.0411737e-12
B10: SM Decenter | C10: nm | D10: =K10 | E10: =M10 | G10: =P10 | H10: =R10 | J10: SM_Decenter0 | K10: 0.086544632 | L10: SM_Decenterf | M10: 1.0675625e-12 | O10: SM_Decenter0 | P10: 0.086544632 | Q10: SM_Decenterf | R10: 0.086544632 | T10: 9.4680285e-10
B11: SM Despace | C11: nm | D11: =K11 | E11: =M11 | G11: =P11 | H11: =R11 | J11: SM_Despace0 | K11: 0.012672969 | L11: SM_Despacef | M11: 2.910117e-14 | O11: SM_Despace0 | P11: 0.012672969 | Q11: SM_Despacef | R11: 0.012672969 | T11: 2.3238142e-11
B12: Lens Tilt | C12: nrad | D12: =K12 | E12: =M12 | G12: =P12 | H12: =R12 | J12: Lens_Tilt0 | K12: 0.0010205003 | L12: Lens_Tiltf | M12: 3.2252775e-06 | O12: Lens_Tilt0 | P12: 0.0010205003 | Q12: Lens_Tiltf | R12: 0.0010205003 | T12: 0.00015839732
B13: Lens Clocking | C13: nrad | D13: =K13 | E13: =M13 | G13: =P13 | H13: =R13 | J13: Lens_Clocking0 | K13: 2.7428615e-05 | L13: Lens_Clockingf | M13: 6.1739436e-07 | O13: Lens_Clocking0 | P13: 2.7428615e-05 | Q13: Lens_Clockingf | R13: 2.7428615e-05 | T13: 6.2857535e-05
B14: Lens Decenter | C14: nm | D14: =K14 | E14: =M14 | G14: =P14 | H14: =R14 | J14: Lens_Decenter0 | K14: 0.00065468558 | L14: Lens_Decenterf | M14: 1.6307369e-06 | O14: Lens_Decenter0 | P14: 0.00065468558 | Q14: Lens_Decenterf | R14: 0.00065468558 | T14: 0.00016426611
B15: Lens Despace | C15: nm | D15: =K15 | E15: =M15 | G15: =P15 | H15: =R15 | J15: Lens_Despace0 | K15: 0.00019020115 | L15: Lens_Despacef | M15: 1.1622427e-05 | O15: Lens_Despace0 | P15: 0.00019020115 | Q15: Lens_Despacef | R15: 0.00019020115 | T15: 0.0013585586
... B28: SM Despace Actuator | C28: nm | D28: =K28 | E28: =M28 | G28: =P28 | H28: =R28 | J28: SM_Despace_Actuator0 | K28: 0 | L28: SM_Despace_Actuatorf | M28: 0.012672969 | O28: SM_Despace_Actuator0 | P28: 0 | Q28: SM_Despace_Actuatorf | R28: 0 | T28: 0.0126981

Sheet WFE BD
A1: e5hex1 WFE budget -- WFE block diagram
A3: Total (Payload) WFE, nm | B3: =WFE!K38
A4: Static (post-WFC), nm | B4: =SQRT(SUMSQ(WFE!F4:F28))
A5: Drift (post-metrology), nm | B5: =SQRT(SUMSQ(WFE!J4:J28))
A6: Design, nm | B6: =WFE!K37
A7: Reserve vs requirement, nm | B7: =IF(WFE!K39>WFE!K38,SQRT(WFE!K39^2-WFE!K38^2),0)
A9: Wavelength, nm | B9: 500
A10: Total, waves | B10: =B3/B9
A12: Section | B12: Static, nm | C12: Drift, nm | D12: Total, nm
A13: Primary Mirror | B13: =SQRT(SUMSQ(WFE!F4:F7)) | C13: =SQRT(SUMSQ(WFE!J4:J7)) | D13: =SQRT(SUMSQ(WFE!K4:K7))
A14: Secondary Mirror | B14: =SQRT(SUMSQ(WFE!F8:F11)) | C14: =SQRT(SUMSQ(WFE!J8:J11)) | D14: =SQRT(SUMSQ(WFE!K8:K11))
A15: Lens | B15: =SQRT(SUMSQ(WFE!F12:F15)) | C15: =SQRT(SUMSQ(WFE!J12:J15)) | D15: =SQRT(SUMSQ(WFE!K12:K15))
A16: Detector | B16: =SQRT(SUMSQ(WFE!F16:F19)) | C16: =SQRT(SUMSQ(WFE!J16:J19)) | D16: =SQRT(SUMSQ(WFE!K16:K19))
A17: WFC | B17: =SQRT(SUMSQ(WFE!F20:F28)) | C17: =SQRT(SUMSQ(WFE!J20:J28)) | D17: =SQRT(SUMSQ(WFE!K20:K28))

Sheet PSD
A1: PSD figure terms (engineer-owned). Link a WFE row to H2 (pre) / H3 (post), as the HabEx sheet does.
G2: pre coefficient | H2: 0
G3: post coefficient | H3: 0

Sheet StrTherm
A1: Strain / thermal terms (engineer-owned). Link WFE rows to the coefficient cells below.
A7: lateral gradient pre | B7: 0
A8: lateral gradient post | B8: 0
A26: thru-thickness pre | B26: 0
A27: thru-thickness post | B27: 0

Sheet Log
A1: generated 2026-10-27 12:01:22 by macos.budget.write_workbook
A2: lines 25, sections 5, focus section "Primary Mirror"
A3: Total WFE (tool) 2.566807103 nm; post-WFC 2.566807103; post-metrology 0
A4: controlled 1, metrology stage 0, metric opd, cbm 0.001
A5: method: Redding 2014 (SPIE), linearized ray-trace covariance budget
A6: white cells = inputs you edit; gray cells = formulas (computed) -- inputs: WFE columns C and G, Design WFE, WFE Requirement; the raw coefficient blocks on Coefficients (J:R) are tool-written values
A7: WFS: "WFS Sensing Error" (WFE row 20) sigma 3 nm is WHITE per-sample noise (Redding 2014 Eq. 32, the default ruled 2026-10-16): post-WFC coefficient Coefficients!M20 = 0.0306111 = sqrt(rank/n_w), Post WFC 0.09183 nm.
A8: WFS, HabEx reading (alpha = 1, the sigma passes whole): type 1 in Coefficients!M20; the payload re-rolls.
A9: budget e5hex1 from live sensitivities struct
A10: MACOS_resources 1c8202b
A11: piston removed (harvest opd_ref chief)
